pleiades_id,en,zh,source,note
# 中文译名对照表 / Chinese place-name table
#
# 用法：每行一个地点。pleiades_id 为准，en 仅供人工核对。
#   pleiades_id  Pleiades 地名 id（地图以此为准，必填）
#   en           英文/拉丁转写（人工核对用，程序不依赖）
#   zh           中文译名（可用 / 分隔多个异译，第一个为首选）
#   source       译名来源，例如：徐松岩《历史》索引 / 徐松岩《伯罗奔尼撒战争史》 /
#                徐松岩《希腊史》 / 通用 / 待核
#   note         备注，可留空
#
# 以 # 开头的行会被忽略。source 留空或标「待核」的条目会在运行时提示。
#
# 内容：Pleiades id 与中文地名的对照。译名取自徐松岩译本索引（事实性对应），
# 不包含译本正文或注释文字。Wikidata 行为 CC0。
579885,Athenae,雅典,徐松岩《希腊史》索引,
550597,Ionia (region),伊奥尼亚,徐松岩《历史》2018修订本索引,
570685,Sparta,斯巴达,徐松岩《希腊史》索引,
579844,Aegina (island),埃吉那,徐松岩《历史》2018修订本索引,岛屿、城邦，在萨罗尼克湾
570106,Argos,阿尔戈斯,徐松岩《历史》2018修订本索引,城市 阿尔戈斯的妇女
541138,Thebai/Thebae,底比斯,徐松岩《希腊史》索引,
491656,Macedonia (region),马其顿,徐松岩《历史》2018修订本索引,马其顿的山 马
550406,Aeolis,埃奥利斯,徐松岩《历史》2018修订本索引,
570102,Arcadia,阿卡底亚,徐松岩《历史》2018修订本索引,南希腊一地区 202
540775,Euboea (island),优波亚,徐松岩《历史》2018修订本索引,
550696,Lesbos (island),列斯堡,徐松岩《历史》2018修订本索引,岛屿
570182,Corinthus/Korinthos,科林斯,徐松岩《历史》2018修订本索引,城邦 科林
570468,Megara,麦加拉,徐松岩《历史》2018修订本索引,多利斯的城邦，毗邻阿提卡
570028,Achaea/Achaia (region),阿凯亚,徐松岩《历史》2018修订本索引,伯罗奔尼撒的阿凯亚
501325,Abydos,阿比多斯,徐松岩《历史》2018修订本索引,在赫勒斯滂
501323,Abdera,阿布德拉,徐松岩《历史》2018修订本索引,在色雷斯
589693,Andros (island),安德罗斯,徐松岩《历史》2018修订本索引,在爱琴海
501339,Akanthos,阿塔苏斯,徐松岩《历史》2018修订本索引,在卡尔基狄克
589703,Apollonia?,阿波罗尼亚,徐松岩《历史》2018修订本索引,（1）城镇，在攸克星海（黑海）沿岸
520985,Byzantium,拜占庭,徐松岩《希腊史》索引,
511357,Perinthus/Heraclea,佩林苏斯,徐松岩《希腊史》索引,
570531,Olympia,奥林匹亚,徐松岩《历史》2018修订本索引,
511218,Cyzicus,库济科斯,徐松岩《希腊史》索引,
511378,Proconnesus (settlement),普洛康涅苏斯,徐松岩《历史》2018修订本索引,城镇，在普洛彭提斯 普洛康涅苏斯人，阿里斯提亚斯
903021,Ecbatana/Hagmatana/Achmeta/Epiphaneia/Ahmadan,埃克巴塔纳,徐松岩《历史》2018修订本索引,参见阿格巴塔纳Agbatana（1）
570221,Elis (region),爱利斯,徐松岩《历史》2018修订本索引,
707462,Amathous,阿玛苏斯,徐松岩《历史》2018修订本索引,在塞浦路斯
501458,Kardia/Lysimacheia,卡狄亚,徐松岩《希腊史》索引,赫勒斯滂
540582,Abai,阿拜,徐松岩《历史》2018修订本索引,在佛基斯
540591,Aetolia,埃陀利亚,徐松岩《历史》2018修订本索引,
540624,Alpenos,阿尔佩努斯,徐松岩《历史》2018修订本索引,在德摩比利希腊军队身后
530767,Acarnania,阿卡纳尼亚,徐松岩《历史》2018修订本索引,在西北希腊
491678,Olynthos,奥林苏斯,徐松岩《历史》2018修订本索引,城市，在卡尔基狄克半岛
550433,Antandros,安坦德鲁斯,徐松岩《历史》2018修订本索引,特洛亚斯（Troas）一城市
491561,Chalcidice,卡尔基狄克,徐松岩《希腊史》索引,
844848,Acheron/Soonautes (river),阿凯隆,徐松岩《历史》2018修订本索引,在西北希腊
501337,Ainos,埃努斯,徐松岩《历史》2018修订本索引,埃奥利斯人的城镇，在色雷斯，赫布鲁斯河口
599479,Alabanda/Antiocheia Chrysaoron,阿拉班达,徐松岩《历史》2018修订本索引,卡里亚的一个城市
589686,Ampelos,安佩鲁斯,徐松岩《历史》2018修订本索引,在卡尔基狄克的托伦涅附近
540630,Amphissa,安菲萨,徐松岩《历史》2018修订本索引,洛克里人的城镇
550404,Aegae,埃盖,徐松岩《历史》2018修订本索引,在阿尔戈利斯
491525,Aphytis,阿斐提斯,徐松岩《希腊史》索引,帕勒涅半岛
501335,Aige,埃伽,徐松岩《历史》2018修订本索引,在帕勒涅
579850,Aigaleos,埃加列奥斯,徐松岩《历史》2018修订本索引,在阿提卡
570043,Aigeira,埃杰拉,徐松岩《历史》2018修订本索引,阿凯亚一城邦
570049,Aigion,埃吉昂,徐松岩《历史》2018修订本索引,在阿尔戈利斯
501338,Ainyra,埃尼拉,徐松岩《历史》2018修订本索引,在塔索斯
501332,Agora,阿哥拉,徐松岩《历史》2018修订本索引,在色雷斯的科尔松尼斯
638743,Anaua/Sanaos,安那瓦,徐松岩《历史》2018修订本索引,在弗里吉亚
922698,Persis/Pars,波斯,徐松岩《历史》2018修订本索引,波
736963,Memphis,孟菲斯,徐松岩《历史》2018修订本索引,城市，在埃及
1273,Scythia,斯基泰亚,徐松岩《历史》2018修订本索引,
599926,Samos (island),萨摩斯,徐松岩《历史》2018修订本索引,
550867, Sardis/Hyde?,萨迪斯,徐松岩《历史》2018修订本索引,
550701,Lydia/Maionia (region),吕底亚,徐松岩《历史》2018修订本索引,
540726,Delphi,德尔斐/德尔菲,Wikidata,Q75459 · 96 mention(s)
893951,Babylon,巴比伦,徐松岩《历史》2018修订本索引,亚述的首都 巴比伦人 拉
599799,Miletus,米利都,徐松岩《历史》2018修订本索引,
580101,Salamis (island),萨拉米斯,徐松岩《历史》2018修订本索引,
373778,Cyrene,库列涅,徐松岩《历史》2018修订本索引,库
541063,Plataea,普拉提亚,徐松岩《历史》2018修订本索引,
29475,Arabia (region),阿拉伯人,徐松岩《历史》2018修订本索引,
599564,Caria (region),卡里亚/加里亚,Wikidata,Q193214 · 57 mention(s)
540689,Boeotia,维奥蒂亚/玻俄提亚,Wikidata,Q187570 · 53 mention(s)
570577,Peloponnesus/Peloponnesos/Peloponnese,伯罗奔尼撒/伯罗奔尼撒半岛,Wikidata,Q78967 · 52 mention(s)
501638,Thracia,色雷斯/色雷西亚,Wikidata,Q41741 · 50 mention(s)
579888,Attica,阿提卡,徐松岩《历史》2018修订本索引,
550497,Chios (island),希俄斯岛/基俄斯,Wikidata,Q160483 · 46 mention(s)
570707,Tegea,泰格亚,徐松岩《历史》2018修订本索引,在德尔斐 在开俄斯
491680,Paionia,培奥尼亚,Wikidata,Q249561 · 42 mention(s)
1306,Syria,沙姆地区/泛叙利亚主义,Wikidata,
707498,Cyprus (island),路斯人,徐松岩《历史》2018修订本索引,
912936,Susa/Seleucia ad Eulaeum,苏萨/شوش,Wikidata,Q180773 · 39 mention(s)
540667,Artemision,阿尔特密西昂,徐松岩《历史》2018修订本索引,在优波亚 描述 阿尔特密西昂战役 从那里撤退
599588,Delos (island),提洛,徐松岩《历史》2018修订本索引,
903080,Media/Mad(aya) (region),米底,Wikidata,Q3853673 · 34 mention(s)
29492,Assyria (kingdom),亚述,徐松岩《历史》2018修订本索引,亚述的领土
550823,Phocaea,佛凯亚,徐松岩《历史》2018修订本索引,
550535,Erythrai,爱利特莱,徐松岩《历史》2018修订本索引,(1)伊奥尼亚一城市，：
541140,Thermopylae,温泉关/詹莫皮索,Wikidata,Q194450 · 29 mention(s)
599822,Naxos (island),纳克索斯,徐松岩《历史》2018修订本索引,（1）爱琴海一岛屿 37
658440,Cilicia (region),奇里乞亚/喀利喀亚,Wikidata,Q620864 · 28 mention(s)
59921,Massagetai,马萨革泰人,徐松岩《历史》2018修订本索引,里海以北一个民族 作战的方式 食物
570228,Epidauros,爱皮道鲁斯,徐松岩《历史》2018修订本索引,在阿尔戈利斯，多利斯人的城邦 86 爱皮道鲁斯人
863770,Colchis/Lazike (region),科尔基斯,徐松岩《历史》2018修订本索引,攸克星海沿岸一城邦
580021,Marathon,马拉松,徐松岩《历史》2018修订本索引,位于阿提卡东北部 马拉松战役
638965,Lycia,吕基亚,徐松岩《历史》2018修订本索引,
599612,Ephesus/Arsinoe(ia),以弗所,徐松岩《历史》2018修订本索引,在吕底亚，伊奥尼亚人十二城邦之一 148 领土
550595,Ilium/Troia,特洛伊,徐松岩《历史》2018修订本索引,城市
501635,Thasos (island),萨索斯岛,Wikidata,Q204096 · 18 mention(s)
971705,Bactria (region),巴克特里亚,徐松岩《历史》2018修订本索引,即大夏，波斯帝国的省区之一
786021,Elephantine,埃列凡提涅,徐松岩《历史》2018修订本索引,
550506,Cyme,库麦,徐松岩《历史》2018修订本索引,
599805,Mycale (mountain),米利卡,Wikidata,Q1330828 · 15 mention(s)
541157,Trachis/Herakleia,特拉齐斯,徐松岩《历史》2018修订本索引,
599777,Maeander (river),大门德雷斯河,Wikidata,Q211089 · 14 mention(s)
452436,Scylla,希拉,Wikidata,Q54666 · 14 mention(s)
678393,Sidon/Col. Aurelia Pia,西顿,徐松岩《历史》2018修订本索引,腓尼基人的城市
884118,Araxes (river),阿拉克塞斯,徐松岩《历史》2018修订本索引,河流
874350,Armenia (region),亚美尼亚,徐松岩《历史》2018修订本索引,
580072,Phaleron,波斯舰队在法勒伦,徐松岩《历史》2018修订本索引,
226630,Hypanis/Southern Bug (river),海帕尼斯,徐松岩《历史》2018修订本索引,河流，在斯基泰亚
589748,Creta (island),克里特岛/革哩底,Wikidata,Q34374 · 12 mention(s)
530843,Dodona (Epirus),多多纳,Wikidata,Q382317 · 12 mention(s)
599636,Halicarnassus/Halikarnassos,哈利卡纳苏斯,徐松岩《历史》2018修订本索引,
857173,Isis (river),納塔內比河,Wikidata,
462215,Gela(s) (river),傑拉河,Wikidata,Q1110162 · 11 mention(s)
550893,Smyrna/Eurydikeia,士麦那,Wikidata,Q1379299 · 10 mention(s)
727117,Heliopolis,赫里奥波里斯,徐松岩《历史》2018修订本索引,
570459,Mantineia/Antigoneia,门丁尼亚/曼蒂尼亚,Wikidata,Q1160195 · 9 mention(s)
912849,Euphrates (river),幼发拉底,徐松岩《历史》2018修订本索引,河流，起源于亚美尼亚 193
530834,Corcyra (settlement),克基拉,徐松岩《历史》2018修订本索引,岛屿
570668,Sicyon/Demetrias,西基昂,徐松岩《历史》2018修订本索引,城市，在科林斯之西
874621,Nineveh/Ninos,尼尼微,徐松岩《历史》2018修订本索引,
472091,Lokra (river),普吕内利河,Wikidata,Q3247399 · 9 mention(s)
501609,Sestos,塞斯托斯,徐松岩《历史》2018修订本索引,
628949,Cappadocia (region),卡帕多细亚/卡帕多基亚,Wikidata,Q217265 · 8 mention(s)
736967,Moeris (lake),莫伊利斯,徐松岩《历史》2018修订本索引,湖
845034,Paphlagonia (region),帕弗拉格尼亚,Wikidata,Q622032 · 8 mention(s)
462503,Syracusae/Syrakousai,锡拉库萨/叙拉古,Wikidata,Q13670 · 8 mention(s)
727169,Naucratis,那乌克拉提斯,徐松岩《历史》2018修订本索引,在
638796,Caunus,考納斯,Wikidata,Q608095 · 7 mention(s)
599905,Priene/‘Lince’?,普列涅,徐松岩《历史》2018修订本索引,伊奥尼亚人的城市，在卡里亚
550877,Sigeion,西格翁,Wikidata,Q1583181 · 7 mention(s)
216817,Getae,格泰人,徐松岩《历史》2018修订本索引,色雷斯人的一支
857352,Thermodon (river),泰尔梅河,Wikidata,Q18689526 · 6 mention(s)
863766,Caucasus (mountain range),高加索山脉/高加索山,Wikidata,Q5477 · 6 mention(s)
256468,Tartessos,塔尔提索斯/塔特苏斯,Wikidata,Q320416 · 6 mention(s)
550913,Teos,忒欧斯,Wikidata,Q17586 · 6 mention(s)
580114,Tanagra,塔纳格拉,Wikidata,Q779310 · 6 mention(s)
442810,Taras/Tarentum/Neptunia,塔兰托/塔蘭托,Wikidata,Q13498 · 6 mention(s)
472014,Sardinia (island),撒丁尼亚,徐松岩《历史》2018修订本索引,即撒丁岛
550650,Klazomenai (earlier),克拉佐美纳伊,Wikidata,Q536598 · 6 mention(s)
541104,Skiathos (settlement),斯基亚苏斯,徐松岩《历史》2018修订本索引,岛屿，在玛格涅西亚附近 183
727192,Pelusium,走访在培泸溪昂,徐松岩《历史》2018修订本索引,
462126,Camarina,卡馬利納,Wikidata,Q854843 · 5 mention(s)
912964,Tigris/Diglitus (river),底格里斯河/希底结河,Wikidata,Q35591 · 5 mention(s)
570740,Tiryns,梯林斯/提任斯,Wikidata,Q217379 · 5 mention(s)
550937,Tmolus (mountain),特摩鲁斯,徐松岩《历史》2018修订本索引,山，在吕底亚的萨迪斯附近，产金 101
599577,Colophon,科洛丰,徐松岩《历史》2018修订本索引,
501409,Edones,埃多尼斯,Wikidata,Q3719711 · 5 mention(s)
716520,Ammon,锡瓦绿洲/西瓦綠洲,Wikidata,Q2008735 · 5 mention(s)
639137,Telmessos,忒耳墨索斯,Wikidata,Q1145385 · 5 mention(s)
531155,Zacynthus (island),扎金苏斯,徐松岩《历史》2018修订本索引,岛屿，在希腊西部
226800,Tyras/Ophioussa,泰拉斯,徐松岩《历史》2018修订本索引,
226603,Gerros (river),莫洛奇纳河,Wikidata,Q1513565 · 5 mention(s)
540744,Dryopes,德律俄珀斯國,Wikidata,Q11917781 · 5 mention(s)
894056,Opis,奥皮斯,徐松岩《历史》2018修订本索引,(1）城镇，在亚述
501520,Myrkinos,米尔金努斯,徐松岩《历史》2018修订本索引,
531117,Thesprotia,塞斯普罗蒂亞人,Wikidata,Q2551754 · 5 mention(s)
501439,Imbros (island),音不洛斯,徐松岩《历史》2018修订本索引,岛屿，在爱琴海东北部
845013,Mariandynoi,瑪利安杜尼亞人,Wikidata,Q6762088 · 4 mention(s)
462489,Selinus,塞林努斯,徐松岩《历史》2018修订本索引,西西里一城市
462306,Mazara (river),馬扎羅河,Wikidata,Q3849227 · 4 mention(s)
501646,Torone,托伦涅,徐松岩《历史》2018修订本索引,城市，在卡尔基狄克的希松尼亚半岛上 克里托布鲁斯
857321,Sinope,锡诺普,徐松岩《历史》2018修订本索引,
922693,Pasargadae/Batrakatash,帕萨加第人,徐松岩《历史》2018修订本索引,波斯人一部落 巴德列斯
491534,Axios (river),阿克修斯,徐松岩《历史》2018修订本索引,河流
589886,Kydonia,库多尼亚,徐松岩《历史》2018修订本索引,城镇，在克里特
462244,Himera,希麦拉,徐松岩《历史》2018修订本索引,西西里一城邦 其统治者被驱逐
266076,Turia (river),图里亚河,Wikidata,Q20118 · 3 mention(s)
570640,Pylos/Koryphasion,派罗斯,徐松岩《历史》2018修订本索引,（1）在美塞尼亚
570756,Troizen,特洛伊會,徐松岩《历史》2018修订本索引,城市，在阿尔戈利斯，哈利卡纳苏斯的母邦 42：
727156,Mendes,门德斯,Wikidata,Q1427162 · 3 mention(s)
501468,Kikones,cicones,Wikidata,Q1108464 · 3 mention(s)
59818,Gandaris,健驮逻国/建驮罗,Wikidata,Q213651 · 3 mention(s)
501524,Nestos (river),奈斯托斯河/梅斯塔河,Wikidata,Q193904 · 3 mention(s)
599795,Melie/Karion,居泽尔恰姆勒,Wikidata,Q223392 · 3 mention(s)
550575,Hermus (river),赫尔姆斯,徐松岩《历史》2018修订本索引,河流，在吕底亚，流经萨迪斯附近
570402,Kythnos,基斯诺斯岛,Wikidata,Q739779 · 3 mention(s)
511225,Daskyleion,达斯库里乌姆/達斯庫里烏姆,Wikidata,Q1171924 · 3 mention(s)
857177,Kabeira/Neocaesarea/Diospolis/Sebaste/Hadriane,尼克萨尔,Wikidata,Q513980 · 2 mention(s)
540737,Dolopia,多洛皮亞,Wikidata,Q776988 · 2 mention(s)
511354,Parium/Col. Gemella Iulia *Hadriana,帕里昂,徐松岩《历史》2018修订本索引,城镇，在赫勒斯滂 帕里昂的赫洛凡图斯
599832,Nysa/Athymbra,涅薩,Wikidata,Q1779332 · 2 mention(s)
540817,Histiaia/Hestiaia,希斯提埃亚,徐松岩《历史》2018修订本索引,城市，在优波亚岛北部
638811,Colossae,科洛塞,徐松岩《历史》2018修订本索引,城市，在弗里吉亚
550556,Gygaia/Koloe/Talaimenis (lake),居盖亚,徐松岩《历史》2018修订本索引,（1）居基斯的湖，在吕底亚
697725,Petra,佩特拉,徐松岩《历史》2018修订本索引,科林斯的一个德莫或者地区
668340,Posideion,波西代昂,徐松岩《历史》2018修订本索引,（1）叙利亚一城镇，在和奇里乞亚交界处
550794,Pactolus (river),帕克托勒斯河,Wikidata,Q923929 · 2 mention(s)
501432,Hebros (river),赫布鲁斯,徐松岩《历史》2018修订本索引,河流，在色雷斯
638996,Milyas (region),米利亚,Wikidata,Q28195245 · 2 mention(s)
511189,Bithynia (region),比提尼亞/底推尼,Wikidata,Q373189 · 2 mention(s)
599593,Didyma/Branchidai/Ioustinianopolis,迪迪玛,徐松岩《历史》2018修订本索引,米利都一座阿波
462202,Eryx (mountain),爱利克斯,徐松岩《历史》2018修订本索引,在西西里西部
501393,Dardanos,达尔达努斯,徐松岩《历史》2018修订本索引,城镇，在赫勒斯滂
550944,Troas (region),特洛阿德/特洛德,Wikidata,Q2454671 · 2 mention(s)
570281,Helike,赫里克,徐松岩《历史》2018修订本索引,阿凯亚人一城镇，位于科林斯湾
383698,Liguria (region),利古里亚大区,Wikidata,Q1256 · 2 mention(s)
438670,Allia (river),阿里亚河,Wikidata,Q369581 · 2 mention(s)
579954,Hymettos,海麦图斯,徐松岩《历史》2018修订本索引,
570612,Pisa,皮萨,徐松岩《历史》2018修订本索引,城镇，在爱利斯
158698879,Kynosarges,快犬,Wikidata,Q940907 · 2 mention(s)
541141,Thespiai,Thespiae城/特斯皮埃,Wikidata,Q1141295 · 2 mention(s)
216717,Athrys/Iatros/Ieterus (river),阿特利斯,徐松岩《历史》2018修订本索引,伊斯特河的一条支流
246418,(H)Iberus (river),埃布羅河/埃布罗河,Wikidata,Q10965 · 1 mention(s)
256145,Cuneus (promontory),圣玛利亚角,Wikidata,Q5015746 · 1 mention(s)
952076,Daoi/Dahae,大益,Wikidata,Q852554 · 1 mention(s)
580044,Oropos,奥罗浦斯,徐松岩《历史》2018修订本索引,在阿提卡
570723,Therapne,铁拉普涅,Wikidata,Q15940498 · 1 mention(s)
579858,Alopeke,阿罗裴克/阿洛佩克,Wikidata,Q2839314 · 1 mention(s)
580119,Thorikos,索里科斯,Wikidata,Q353184 · 1 mention(s)
570479,Messene,麦萨那,徐松岩《历史》2018修订本索引,城镇，在西西里
570318,Ithome (mountain),伊托姆山/伊索姆山,Wikidata,Q602538 · 1 mention(s)
599693,Karyanda,卡里安达,Wikidata,Q4893908 · 1 mention(s)
550692,Leleges,勒勒吉人,徐松岩《历史》2018修订本索引,卡里亚人的旧称
599754,Lebedos/Ptolemais,列别都斯,徐松岩《历史》2018修订本索引,伊奥尼亚人的城镇，在吕底亚
599808,Mykonos (island),米科诺斯岛,Wikidata,Q190210 · 1 mention(s)
541108,Skyros (settlement),斯基罗斯,徐松岩《历史》2018修订本索引,爱琴海一岛屿，在优波亚之东
541112,Spercheios,斯伯凯乌斯,徐松岩《历史》2018修订本索引,河流，在马里斯，德摩比利附近
540837,Iolkos,伊奥尔科斯,徐松岩《历史》2018修订本索引,城镇，色萨利人把它赠予流亡的希皮亚斯
540968,Oeta (mountain),奥耶塔,徐松岩《历史》2018修订本索引,山，在德摩比利以南
638753,Aphrodisias,阿芙洛蒂西亚斯,徐松岩《历史》2018修订本索引,岛屿，在利比亚附近
639042,Patara/Arsinoe,帕塔拉,徐松岩《历史》2018修订本索引,城市，在吕基亚
511187,Bisanthe/Rhaidestos,比桑特,徐松岩《历史》2018修订本索引,城镇，在赫勒斯滂沿岸
501556,Perkote,伯科特,徐松岩《历史》2018修订本索引,赫勒斯滂地区一城市
727236,Tanis,塔尼斯/坦尼斯,Wikidata,Q210598 · 1 mention(s)
481798,Dardania,达尔达尼亚王国,Wikidata,Q11916620 · 1 mention(s)
786089,Philae,菲莱/菲莱神殿,Wikidata,Q245062 · 1 mention(s)
805630,Meroe,麦罗伊,徐松岩《历史》2018修订本索引,城市，在尼罗河岸边，埃塞俄比亚的首都
845036,Parthenios (river),帕耳忒尼俄斯河,Wikidata,Q2886191 · 1 mention(s)
462279,Leontini,列昂提尼,徐松岩《历史》2018修订本索引,城镇，在西西里
383627,Comum,科莫,Wikidata,Q1308 · 1 mention(s)
403280,Telamon,塔拉莫,Wikidata,Q2073211 · 1 mention(s)
442618,Iapyges,雅皮吉人,Wikidata,Q841576 · 1 mention(s)
442733,Poseidonia/Paestum,波塞冬尼亚,徐松岩《历史》2018修订本索引,亦即派斯通(Paestum），在意大利
354116,Garamantes,加拉曼特人/加拉曼提人,Wikidata,Q839034 · 1 mention(s)
857350,Themiskyra,特弥斯库拉,Wikidata,Q122875 · 1 mention(s)
202833934,Sumer,苏美尔/蘇美人,Wikidata,Q35355 · 1 mention(s)
599641,Heraion,赫莱昂,徐松岩《历史》2018修订本索引,城镇
599745,Labraunda,拉布朗达,徐松岩《历史》2018修订本索引,城市，在卡里亚
550691,Lekton/Lectum,巴巴角,Wikidata,Q527902 · 1 mention(s)
540583,Abantes,阿班忒斯人,Wikidata,Q305516 · 1 mention(s)
520988,Chalcedon,迦克墩/迦克敦,Wikidata,Q337381 · 1 mention(s)
639051,Phaselis,法塞里斯,徐松岩《历史》2018修订本索引,多利斯人的城邦，在小亚细亚
668197,Arados,阿拉都斯,徐松岩《历史》2018修订本索引,腓尼基的一个城市
501336,Aigospotamos,埃戈斯溪,Wikidata,Q404513 · 1 mention(s)
491687,Pella/Diokletianoupolis,培拉,徐松岩《历史》2018修订本索引,城镇，在马其顿
786123,Syene,阿斯旺,Wikidata,Q29888 · 1 mention(s)
589872,Knosos/Col. Iulia Nobilis Cnosos,克诺索斯/诺索斯,Wikidata,Q173527 · 1 mention(s)
540740,Doris,多利斯,徐松岩《历史》2018修订本索引,
50004,India,印度,徐松岩《历史》2018修订本索引,
579925,Eretria (Euboea),爱利特里亚,徐松岩《历史》2018修订本索引,
857287,Pontus,滂图斯,徐松岩《历史》2018修订本索引,黑海 面积的测量 商埠 滂图斯的希腊人 滂图斯树
570129,Asopos,阿索普斯,徐松岩《历史》2018修订本索引,（ 1) 河流，在波奥提亚
599971,Thera,锡拉岛,徐松岩《历史》2018修订本索引,
226545,Borysthenes (island),波里斯提尼,徐松岩《历史》2018修订本索引,（2） 城镇，据说是米利都的殖民地 商业地位
550759,Mysia (region),美西亚,徐松岩《历史》2018修订本索引,凯奥斯在美西亚
550763,Mytilene,米提列涅,徐松岩《历史》2018修订本索引,"埃奥利斯人的城邦，在列斯堡岛 37,95 米提列"
599607,Eleusis,埃琉西斯,徐松岩《历史》2018修订本索引,
716526,Apis,阿皮斯,徐松岩《历史》2018修订本索引,（2）埃及西部边境一城镇
599575,Cnidus (Tekir),克尼多斯,徐松岩《历史》2018修订本索引,多利斯人的移民城邦，在卡里亚
501402,Doriskos,多利斯库斯,徐松岩《历史》2018修订本索引,
857138,Glaukos (river),格劳库斯,徐松岩《历史》2018修订本索引,（2）
590048,Siphnos (settlement),西弗诺斯,徐松岩《历史》2018修订本索引,在北欧 在利比亚 在塔索斯 在色雷斯，斯卡普特·
580051,Pallene,帕列涅,徐松岩《历史》2018修订本索引,
540804,Halos,哈利斯,徐松岩《历史》2018修订本索引,
501596,Samothrace (settlement),萨莫色雷斯,徐松岩《历史》2018修订本索引,
540645,Aphetai?,阿菲泰,徐松岩《历史》2018修订本索引,在玛格涅西亚
874645,Phasis (river),法希斯,徐松岩《历史》2018修订本索引,在科尔基斯
540987,Orchomenos/Orchomenus (Boeotia),奥科麦努斯,徐松岩《历史》2018修订本索引,（1）在阿卡底亚
541096,Sepias,塞匹业斯,徐松岩《历史》2018修订本索引,
462538,Zancle/Messana,赞克列,徐松岩《历史》2018修订本索引,
550469,Atarneus,阿塔纽斯,徐松岩《历史》2018修订本索引,在美西亚(Mysia)
550784,Olympos,奥林波斯,徐松岩《历史》2018修订本索引,
550584,Hyllos (river),海鲁斯,徐松岩《历史》2018修订本索引,（2）河流，在吕底亚，赫尔姆斯河的支流
619235,Parnassos,帕纳苏斯,徐松岩《历史》2018修订本索引,山脉
961891,Branchidai,布兰齐代,徐松岩《历史》2018修订本索引,
530873,Euripos?,攸利浦斯,徐松岩《历史》2018修订本索引,海峡，波奥提亚和优波亚之间的狭长水道
897772,Gyndes (river),金德斯,徐松岩《历史》2018修订本索引,底格里斯河的一条支流
570480,Messenia,美塞尼亚,徐松岩《历史》2018修订本索引,在伯罗奔尼撒
491696,Pieria,皮埃里亚,徐松岩《历史》2018修订本索引,马其顿的一个地区 皮埃里亚的沥青
589913,Lindos,林都斯,徐松岩《历史》2018修订本索引,在埃吉那 在利比亚
638967,Lycus (river),吕库斯,徐松岩《历史》2018修订本索引,(3)河流
599794,Melas?,麦拉斯,徐松岩《历史》2018修订本索引,(1)麦拉斯湾
599867,Paros (settlement),帕洛斯,徐松岩《历史》2018修订本索引,岛屿，位于基克拉底斯群岛，:
599883,Phoinix,菲尼克斯,徐松岩《历史》2018修订本索引,河流，在特拉齐斯
501620,Skione,斯基奥涅,徐松岩《历史》2018修订本索引,城市，在帕列涅 斯基奥涅人
540642,Antikyra,安提库拉,徐松岩《历史》2018修订本索引,城镇，在马里斯 安提库拉人
501498,Linos,林努斯,徐松岩《历史》2018修订本索引,
540831,Hysiai,海希埃,徐松岩《历史》2018修订本索引,阿提卡边境地带一村镇
226712,Panticapes? (river),潘提卡佩斯,徐松岩《历史》2018修订本索引,斯基泰一河流
501599,Sane/Ouranopolis,萨涅,徐松岩《历史》2018修订本索引,(1)城镇，在阿索斯附近
550951,Xanthos (river),克桑苏斯,徐松岩《历史》2018修订本索引,吕基亚一城市
599988,Triopion,特里奥皮昂,徐松岩《历史》2018修订本索引,
530849,Dryopis,德里奥皮斯,徐松岩《历史》2018修订本索引,伯罗奔尼撒的多利斯人的故乡
550819,Phanai,法涅斯,徐松岩《历史》2018修订本索引,
978383930,Assesos,阿塞苏斯,徐松岩《历史》2018修订本索引,城镇，在米利都境内 雅典娜
727103,Daphnai,达弗奈,徐松岩《历史》2018修订本索引,城镇，在埃及
501579,Prasias (lake),普拉西亚斯,徐松岩《历史》2018修订本索引,湖的鱼
599746,Lade (island),拉德,徐松岩《历史》2018修订本索引,岛屿，在米利都附近，伊奥尼亚舰队总部所在地
344428,Macae,马凯人,徐松岩《历史》2018修订本索引,利比亚滨海一部落
550713,Malea,马利亚,徐松岩《历史》2018修订本索引,海角，在伯罗奔尼撒最南端
599789,Marsyas (river),玛尔叙亚斯,徐松岩《历史》2018修订本索引,(2）河流，在卡里亚
481955,Pelion,培里昂,徐松岩《历史》2018修订本索引,山，在色萨利东部
452450,Siris,西里斯,徐松岩《历史》2018修订本索引,（1）城镇，在意大利，：
590046,Sikinos (settlement),西金努斯,徐松岩《历史》2018修订本索引,泰米斯托克利的仆人
599586,Delion,德里昂,徐松岩《历史》2018修订本索引,在阿拜，:“Ptoan”阿波罗 阿波罗神谕在埃及
373742,Augila,奥吉拉,徐松岩《历史》2018修订本索引,在利比亚
579879,Brauron/sanctuary of Artemis Brauronia,布劳隆,徐松岩《历史》2018修订本索引,在阿提卡
511294,Kontadesdos (river),康塔德斯都斯,徐松岩《历史》2018修订本索引,河流，在色雷斯
501399,Dikaia,狄凯亚,徐松岩《历史》2018修订本索引,城镇，在色雷斯
579923,Erasinos (river),爱拉辛努斯,徐松岩《历史》2018修订本索引,阿尔戈斯的一条河流
373786,Euesperides,埃维斯柏里德,徐松岩《历史》2018修订本索引,城镇，在利比亚，：
216830,Haemus (mountain range),海姆斯,徐松岩《历史》2018修订本索引,山脉，在色雷斯
540820,Hyampolis,海安波里斯,徐松岩《历史》2018修订本索引,佛基斯的城镇
599661,Hyria (Naxos),海里亚,徐松岩《历史》2018修订本索引,城镇，在意大利
589914,Lissos,利苏斯,徐松岩《历史》2018修订本索引,河流，在色雷斯
501507,Maroneia,马隆内亚,徐松岩《历史》2018修订本索引,希腊人的城镇，在色雷斯
550738,Methymna,麦提姆那,徐松岩《历史》2018修订本索引,在列斯堡 阿里昂
727165,Momemphis,摩门菲斯,徐松岩《历史》2018修订本索引,埃及一城市
550756,Myrina/Sebastopolis,密林纳,徐松岩《历史》2018修订本索引,（2）城市，在利姆诺斯，被米太雅德攻下
599823,Neapolis/Aurelia Neapolis,尼阿波利斯,徐松岩《历史》2018修订本索引,（1）上埃及一城市，意为“新城”
570510,Nonakris,诺纳克里斯,徐松岩《历史》2018修订本索引,阿卡底亚一城市
707586,(Nea) Paphos,帕佛斯,徐松岩《历史》2018修订本索引,城市，在塞浦路斯
550833,Pitane,皮塔涅,徐松岩《历史》2018修订本索引,（1）埃奥利斯人的城市，在美西亚
550839,Polichne,波里克涅,徐松岩《历史》2018修订本索引,在开俄斯，希斯提埃乌斯的一个要塞
590011,Praisos,普莱苏斯,徐松岩《历史》2018修订本索引,在克里特，普莱苏斯人
550871,Scamander (river),斯卡曼达,徐松岩《历史》2018修订本索引,河流，在特洛亚斯 斯卡普特-
373746,Aziris,阿齐利斯,徐松岩《历史》2018修订本索引,利比亚的一个地方
579992,Korydallos,科里达卢斯,徐松岩《历史》2018修订本索引,安提库拉的科里达卢斯
550547,Gergis,戈尔吉斯,徐松岩《历史》2018修订本索引,波斯将领
629083,Skylax (river),斯基拉克斯,徐松岩《历史》2018修订本索引,卡利安达的斯基拉克斯
501358,Argilos,阿吉鲁斯,徐松岩《历史》2018修订本索引,城镇
550455,Arisba,阿里斯巴,徐松岩《历史》2018修订本索引,列斯堡（Lesbos）的一个城镇
570124,Asine,阿辛,徐松岩《历史》2018修订本索引,城镇，在拉哥尼亚
501382,Briantike,布里安提克,徐松岩《历史》2018修订本索引,色雷斯的滨海地区
501469,Kleonai,克列奥奈,徐松岩《历史》2018修订本索引,城镇，在阿索斯
501473,Koinyra,科埃尼拉,徐松岩《历史》2018修订本索引,在塔索斯
472063,Corsica/Kyrnos (island),科西嘉,徐松岩《历史》2018修订本索引,岛屿 科西嘉人
540886,Krannon/Ephyra,克兰农,徐松岩《历史》2018修订本索引,在色萨利
540723,Daulis,达乌利斯,徐松岩《历史》2018修订本索引,在佛基斯
501400,Dion,狄昂,徐松岩《历史》2018修订本索引,城镇，在阿索斯
570205,Dyme,狄米,徐松岩《历史》2018修订本索引,阿凯亚人的一个城镇
540755,Elateia,爱拉泰亚,徐松岩《历史》2018修订本索引,佛基斯一城镇
540769,Erineos,埃里涅乌斯,徐松岩《历史》2018修订本索引,多利斯的一个城镇
540770,Erochos,爱罗库斯,徐松岩《历史》2018修订本索引,佛基斯的一个城镇
570258,Geraistos,格莱斯图,徐松岩《历史》2018修订本索引,城镇，在优波亚岛南端
540791,Glisas,格里萨斯,徐松岩《历史》2018修订本索引,河流，在波奥提亚
589815,Ialysos,伊阿里苏斯,徐松岩《历史》2018修订本索引,城镇，在罗德岛
491619,Ichnai,伊克奈,徐松岩《历史》2018修订本索引,城镇，在马其顿，靠近沿海
452361,Laos/Lavinium?,劳斯,徐松岩《历史》2018修订本索引,
540907,Lebadeia,列巴迪亚,徐松岩《历史》2018修订本索引,城镇，在马其顿
570423,Lepreon,列普里昂,徐松岩《历史》2018修订本索引,城镇，在爱利斯
599763,Leros,列洛斯,徐松岩《历史》2018修订本索引,岛屿，在米利都附近
599768,Lide (mountain),利德,徐松岩《历史》2018修订本索引,山，在卡里亚
570453,Makistos,马吉斯图斯,徐松岩《历史》2018修订本索引,米尼亚人的一个城镇
462295,Maktorion?,马克托里昂,徐松岩《历史》2018修订本索引,城镇，在革拉附近
550714,Malene,玛伦涅,徐松岩《历史》2018修订本索引,在美西亚的阿塔纽斯
148127,Massalia/Massilia,马赛利亚,徐松岩《历史》2018修订本索引,希腊殖民城市
491660,Mekyberna,麦吉伯纳,徐松岩《历史》2018修订本索引,城镇，位于卡尔基狄克半岛
501515,Mende,门德,徐松岩《历史》2018修订本索引,城镇，在卡尔基狄克的帕列涅
599800,Minoa,米诺亚,徐松岩《历史》2018修订本索引,塞林努斯人的殖民地，在西西里
570501,Nauplia,纳乌普利亚,徐松岩《历史》2018修订本索引,城镇，在阿尔戈利斯
570508,Nisaia,尼赛亚,徐松岩《历史》2018修订本索引,麦加拉的港口
599829,Nisyros (settlement),尼叙鲁斯,徐松岩《历史》2018修订本索引,岛屿，在科斯岛以南。尼叙鲁斯人
599836,Oinoe,奥耶诺伊,徐松岩《历史》2018修订本索引,阿提卡的北部的一个村镇，被波奥提亚人攻占
639016,Olbia,奥尔比亚,徐松岩《历史》2018修订本索引,黑海沿岸一个港口，当地人自称为奥尔比亚公民
570528,Olenos,奥伦努斯,徐松岩《历史》2018修订本索引,阿凯亚人的城市
501535,Olophyxos,奥罗菲克苏斯,徐松岩《历史》2018修订本索引,城镇，在阿索斯
550804,Parthenion,帕森尼昂,徐松岩《历史》2018修订本索引,
570576,Pellene,培林尼,徐松岩《历史》2018修订本索引,阿凯亚人的城市
589984,Pergamos?,伯伽姆斯,徐松岩《历史》2018修订本索引,皮埃里亚人（Pierians）的要塞
501559,Phagres,法格列斯,徐松岩《历史》2018修订本索引,皮埃里亚人的要塞，在色雷斯
541040,Pharai?,法雷斯,徐松岩《历史》2018修订本索引,阿凯亚人的城市
570595,Pheneos,芬纽斯,徐松岩《历史》2018修订本索引,城镇，在阿卡底亚
501567,Piloros,皮罗鲁斯,徐松岩《历史》2018修订本索引,城镇，在卡尔基狄克半岛，阿索斯以西，濒临辛古斯湾
511366,Plakia,普拉吉亚,徐松岩《历史》2018修订本索引,城镇，在赫勒斯滂，：普拉吉亚人
727205,Plinthine,普林辛涅,徐松岩《历史》2018修订本索引,普林辛涅海湾，在埃及沿海，距亚历山大里亚不远
570622,Pogon,波贡,徐松岩《历史》2018修订本索引,特洛伊曾的港口
531080,Pyrgos (Kefalonia),皮尔古斯,徐松岩《历史》2018修订本索引,米尼亚人的城镇
501595,Sale,萨列,徐松岩《历史》2018修订本索引,萨莫色雷斯人的要塞，在多利斯库斯附近
501603,Sarte,萨尔特,徐松岩《历史》2018修订本索引,城镇，在卡尔基狄克
452452,Skidros,斯基德鲁斯,徐松岩《历史》2018修订本索引,叙巴利斯一城镇
541106,Skolos,斯科鲁斯,徐松岩《历史》2018修订本索引,在波奥提亚，底比斯附近
511419,Skylake,斯库拉凯,徐松岩《历史》2018修订本索引,城镇，在赫勒斯滂
727227,Sebennytos,塞本尼图斯,徐松岩《历史》2018修订本索引,在埃及尼罗河三角洲 尼罗河的塞本尼图斯河口
491717,Sindos,辛都斯,徐松岩《历史》2018修订本索引,城镇，在塞尔迈湾
501613,Singos,辛古斯,徐松岩《历史》2018修订本索引,城镇，位于卡尔基狄克半岛，在阿索斯以西，辛古斯湾
541152,Tithorea/Neon,提索列亚,徐松岩《历史》2018修订本索引,帕纳苏斯山的最高峰
857359,Trapezus,特拉佩佐斯,徐松岩《历史》2018修订本索引,阿卡底亚一城市
501667,Zone,佐涅,徐松岩《历史》2018修订本索引,萨莫色雷斯人一城镇
59688,Aparytai,阿帕里泰,徐松岩《历史》2018修订本索引,波斯帝国东部一部族，隶属于波斯帝国第七省区
727078,Athribis (Lower Egypt),阿特利比斯,徐松岩《历史》2018修订本索引,埃及的一个诺姆
373744,Auschisai?,奥斯齐塞人,徐松岩《历史》2018修订本索引,利比亚一部族，.172
540811,(H)Ellopia (Euboea),爱洛匹亚,徐松岩《历史》2018修订本索引,参见赫洛匹亚（Hellopia）
540824,Hylai,海雷斯,徐松岩《历史》2018修订本索引,多利斯人的一个部落
727196,Pharbaithos,法拜苏斯,徐松岩《历史》2018修订本索引,埃及的一个诺姆
550826,Phrikonis,弗里科尼斯,徐松岩《历史》2018修订本索引,即库麦（Cyme）
599940,Skolopoeis,斯科洛佩斯,徐松岩《历史》2018修订本索引,米卡列的一个地方
